# Copyright (C) 2017  Intel Corporation. All rights reserved.
# Your use of Intel Corporation's design tools, logic functions 
# and other software and tools, and its AMPP partner logic 
# functions, and any output files from any of the foregoing 
# (including device programming or simulation files), and any 
# associated documentation or information are expressly subject 
# to the terms and conditions of the Intel Program License 
# Subscription Agreement, the Intel Quartus Prime License Agreement,
# the Intel FPGA IP License Agreement, or other applicable license
# agreement, including, without limitation, that your use is for
# the sole purpose of programming logic devices manufactured by
# Intel and sold by Intel or its authorized distributors.  Please
# refer to the applicable agreement for further details.

# Quartus Prime Version 17.1.0 Build 590 10/25/2017 SJ Lite Edition
# File: C:\CYC1000\serie-hola\tx-str.csv
# Generated on: Fri Jan 15 17:58:52 2021

# Note: The column header names should not be changed if you wish to import this .csv file into the Quartus Prime software.

To,Direction,Location,I/O Bank,VREF Group,Fitter Location,I/O Standard,Reserved,Current Strength,Slew Rate,Differential Pair,Strict Preservation
clk,Input,PIN_m2,2,B2_N0,PIN_E2,,,,,,
rstn,Input,PIN_N6,3,B3_N0,PIN_R12,,,,,,
tx,Output,PIN_R7,3,B3_N0,PIN_R11,,,,,,
